Title,Link,Description,Date
Hashim Bantah Tolak Salaman dengan Ara di Video Viral: Kami Kompak Cipika-cipiki,https://www.detik.com/properti/berita/d-7741147/hashim-bantah-tolak-salaman-dengan-ara-di-video-viral-kami-kompak-cipika-cipiki,,
"Tok! Lukisan Raden Saleh Laku Rp 24,4 Miliar Dilelang di Singapura",https://www.detik.com/pop/culture/d-7740704/tok-lukisan-raden-saleh-laku-rp-24-4-miliar-dilelang-di-singapura,,
Permintaan Maaf Ruben Amorim,https://sport.detik.com/sepakbola/liga-inggris/d-7740799/permintaan-maaf-ruben-amorim,,
Video: Tim Luthfi-Yasin Apresiasi Andika-Hendi Cabut Gugatan MK,https://news.detik.com/detiktv/d-7740927/video-tim-luthfi-yasin-apresiasi-andika-hendi-cabut-gugatan-mk,,
"Video: Mengulik Rotunda Gedung Capitol, Tempat Pelantikan Donald Trump",https://www.detik.com/properti/video-arsitektur/d-7741068/video-mengulik-rotunda-gedung-capitol-tempat-pelantikan-donald-trump,,
"Jokowi Memudar, PDI Perjuangan Melunak",https://news.detik.com/spotlight/d-7741286/jokowi-memudar-pdi-perjuangan-melunak,,
,https://news.detik.com/spotlight/d-7684468/hasil-pilkada-lima-daerah-terpanas,,
,https://news.detik.com/spotlight/d-7669050/kecemasan-di-tengah-deklarasi-kemenangan-pramono-rano,,
,https://travel.detik.com/travel-news/d-7741274/taman-nasional-komodo-cuan-rp-53-m-di-2024-sementara-pemkab-cuma-rp-2-6-m,,
,https://sport.detik.com/sepakbola/liga-italia/d-7740866/pengakuan-maldini-untuk-theo-hernandez-pewaris-sahku,,
,https://20.detik.com/detikupdate/20250120-250120082/video-detik-detik-mobil-jalan-sendiri-di-tol-lalu-tabrak-sepeda-di-jakut,,
,https://20.detik.com/detikupdate/20250120-250120086/video-asn-kemendiktisaintek-gelar-aksi-protes-ke-menteri-satryo,,
,https://20.detik.com/detikupdate/20250120-250120065/video-trump-vance-beri-hormat-ke-prajurit-as-yang-gugur-jelang-pelantikan,,
,https://news.detik.com/berita/d-7741145/asn-demo-menteri-satryo-kemdiktisaintek-sebut-mutasi-bentuk-dinamika,,
,https://news.detik.com/berita/d-7741281/farida-felix-ingin-bertemu-ibu-satpam-yang-dibunuh-anaknya-saya-akan-berlutut,,
,https://www.detik.com/properti/berita/d-7741147/hashim-bantah-tolak-salaman-dengan-ara-di-video-viral-kami-kompak-cipika-cipiki,,
,,,
,https://event.detik.com/638/detikcourse--sib-mandiri?utm_source=detikcom&utm_medium=channel_box,17 Feb 2025 - 04 Jul 2025,
,https://event.detik.com/640/pelatihan-spesial---membangun-aplikasi-web-sederhana-dengan-python-streamlit?utm_source=detikcom&utm_medium=channel_box,11 Feb 2025 - 12 Feb 2025,
,https://event.detik.com/643/pelatihan-spesial---pemanfaatan-ai-untuk-dunia-pendidikan?utm_source=detikcom&utm_medium=channel_box,29 Jan 2025 - 30 Jan 2025,
,https://event.detik.com/622/50-4---a-journey-of-iwa-k?utm_source=detikcom&utm_medium=channel_box,25 Jan 2025,
,https://event.detik.com/624/grestal-festival?utm_source=detikcom&utm_medium=channel_box,25 Jan 2025,
,https://event.detik.com/644/cave-fullball-awakening-day-2025?utm_source=detikcom&utm_medium=channel_box,23 Jan 2025,
,https://event.detik.com/610/mikie-funland-berastagi?utm_source=detikcom&utm_medium=channel_box,Rp 103.000,
,https://event.detik.com/593/crunchyroll-subscription-voucher?utm_source=detikcom&utm_medium=channel_box,08 Nov 2024 - 07 Nov 2025,
,https://event.detik.com/591/clay-cafe-----paint-your-own-pottery?utm_source=detikcom&utm_medium=channel_box,Rp 180.000,
,https://event.detik.com/457/barcode-gokart?utm_source=detikcom&utm_medium=channel_box,Rp 55.000,
,https://wolipop.detik.com/entertainment-news/d-7741280/sinopsis-rogue-di-bioskop-trans-tv-hari-ini-dibintangi-megan-fox,,
,https://oto.detik.com/motor/d-7741279/yamaha-r25-terbaru-meluncur-di-indonesia-harga-tembus-rp-75-juta,,
,,,
,https://news.detik.com/berita/d-7741276/viral-6-siswi-smp-di-karawang-duel-1-lawan-1-gegara-rebutan-pacar,,
,,,
,https://news.detik.com/internasional/d-7741273/pelantikan-presiden-as-selalu-di-tanggal-20-januari-ini-alasannya,,
,https://hot.detik.com/celeb/d-7741248/kata-polisi-soal-keberadaan-putri-nikita-mirzani,,
,https://health.detik.com/berita-detikhealth/d-7741028/lansia-kesepian-di-jepang-pilih-tinggal-di-penjara-ketimbang-panti-jompo-ini-alasannya,,
,https://finance.detik.com/energi/d-7741269/bahlil-kasih-sinyal-ri-setop-ekspor-gas-ini-alasannya,,
Foto Bisnis,https://finance.detik.com/foto-bisnis/d-7740891/warga-desa-lakarama-di-muna-belum-dapat-aliran-listrik-pemerintah,,
,https://www.detik.com/pop/movie/d-7740774/sutradara-spill-ada-kejutan-besar-di-post-credit-captain-america-brave-new-world,,
Foto News,https://news.detik.com/foto-news/d-7741071/momen-menhan-sjafrie-jalin-kerjasama-pertahanan-dengan-menhan-malaysia,,
,https://www.detik.com/properti/kepemilikan-rumah/d-7741198/dapat-warisan-buruan-balik-nama-sertifikat-tanah-kalau-tak-mau-menyesal,,
,https://www.detik.com/edu/detikpedia/d-7741004/dilantik-jadi-wapres-as-jd-vance-punya-pandangan-unik-soal-pendidikan-tinggi,,
,https://food.detik.com/info-kuliner/d-7740641/inul-daratista-pakai-chef-pribadi-untuk-jamu-teman-anaknya-menunya-mewah,,
,https://news.detik.com/berita/d-7741264/hashim-bantah-isu-bersitegang-dengan-ara-usai-video-viral-tolak-salaman,,
,https://sport.detik.com/sepakbola/liga-italia/d-7740864/dumfries-gas-terus,,
,https://inet.detik.com/cyberlife/d-7741260/unjuk-rasa-asn-dikti-sedot-atensi-netizen-indonesia,,
,https://20.detik.com/detikupdate/20250120-250120099/video-wabah-pmk-merebak-lagi-wamentan-jangan-tunggu-vaksin-dari-negara,,
,https://news.detik.com/berita/d-7741257/komplotan-berpistol-satroni-toko-kosmetik-di-jakpus-culik-siksa-pegawai,,
,https://news.detik.com/berita/d-7741255/bercucuran-air-mata-pengacara-farida-felix-kaget-anaknya-bunuh-satpam-rumah,,
,https://20.detik.com/detikjabar/20250120-250120097/video-tambang-emas-ilegal-di-bandung-diungkap-7-orang-ditangkap,,
,https://news.detik.com/berita/d-7741252/kapolri-harap-desk-ketenagakerjaan-jadi-saluran-buruh-sampaikan-keluhan,,
,https://news.detik.com/berita/d-7741251/korban-pencabulan-guru-sd-di-lebak-bertambah-jadi-14-anak,,
,https://www.detik.com/hikmah/haji-dan-umrah/d-7741117/biaya-haji-lebih-murah-bpkh-kaji-pengembangan-lahan-bandara-alternatif-di-saudi,,
,https://news.detik.com/berita/d-7741250/wamen-pertanian-food-estate-keniscayaan-harus-dilaksanakan,,
,https://20.detik.com/detikupdate/20250120-250120098/video-sd-di-nias-sebulan-tak-ada-guru-kemdikdasmen-rumah-dinas-disiapkan,,
,https://20.detik.com/detikupdate/20250120-250120090/video-eks-kabasarnas-akui-dana-komando-pemenang-tender-dibagi-ke-pegawai,,
,https://www.detik.com/pop/trending/d-7741239/polisi-anak-nikita-mirzani-dipindahkan-dan-diserahkan-ke-keluarga,,
,https://news.detik.com/berita/d-7741238/viral-pria-diduga-todongkan-pistol-di-puncak-bogor-usai-tabrak-3-motor,,
,https://news.detik.com/berita/d-7741236/art-di-jakpus-bawa-kabur-duit-ratusan-juta-milik-majikan-pelaku-ditangkap,,
,https://hot.detik.com/celeb/d-7740876/omara-esteghlal-nilai-prilly-latuconsina-sempurna,,
,https://travel.detik.com/travel-news/d-7741120/kawasan-wisata-puncak-diklaim-lebih-tertata,,
,https://oto.detik.com/berita/d-7741230/pelajaran-dari-kecelakaan-avanza-nyelonong-tanpa-sopir-tabrak-pesepeda,,
,https://news.detik.com/berita/d-7741229/menaker-apresiasi-pembentukan-desk-ketenagakerjaan-polri-beri-kepastian-hukum,,
,https://health.detik.com/berita-detikhealth/d-7741222/khasiat-daun-sirih-untuk-kesehatan-tubuh-bantu-atasi-sederet-kondisi-ini,,
,https://www.detik.com/pop/trending/d-7740549/cara-manis-obama-bantah-isu-cerai-dengan-michelle,,
,https://finance.detik.com/bursa-dan-valas/d-7741220/perusahaan-asing-ikut-bursa-karbon-ri-ini-tantangannya,,
,https://wolipop.detik.com/entertainment-news/d-7740985/rating-drakor-when-the-stars-gossip-anjlok-dialog-vulgar-lee-min-ho-dikecam,,
,https://food.detik.com/info-kuliner/d-7739484/pesan-burger-rp-1-8-juta-di-hotel-bintang-5-tamu-ini-kena-zonk,,
Foto News,https://news.detik.com/foto-news/d-7740919/prosesi-pencucian-patung-buddha-tidur-di-vihara-bogor-jelang-imlek,,
,https://sport.detik.com/sepakbola/bola-dunia/d-7740863/calvin-verdonk-redam-messi-nya-kroasia-bikin-gol-pula,,
,https://www.detik.com/edu/perguruan-tinggi/d-7740852/ketar-ketir-mahasiswa-internasional-diminta-balik-ke-as-sebelum-trump-dilantik,,
,https://www.detik.com/tag/prabowo-subianto,,
,https://www.detik.com/tag/donald-trump,,
,https://www.detik.com/tag/makan-siang-gratis,,
,https://www.detik.com/tag/hasto-kristiyanto,,
,https://www.detik.com/tag/gaza,,
,https://news.detik.com/berita/d-7741035/mobil-ri-25-melintas-asn-kemdiktiksaintek-ramai-ramai-teriak-turun,,
,https://news.detik.com/berita/d-7741051/asn-kemendikti-cerita-awal-mula-pemecatan-ada-wa-saya-pecat-kamu,,
,https://news.detik.com/berita/d-7741142/motif-majikan-di-bogor-tikam-satpam-kesal-sering-diadukan-pulang-malam,,
,https://news.detik.com/berita/d-7741255/bercucuran-air-mata-pengacara-farida-felix-kaget-anaknya-bunuh-satpam-rumah,,
,https://news.detik.com/berita/d-7740948/dasco-minta-komisi-x-dpr-pantau-demo-menteri-satryo-singgung-evaluasi,,
,https://news.detik.com/internasional/d-7740449/trump-disebut-ingin-relokasi-warga-gaza-ke-indonesia-ini-respons-kemlu-ri,,
,https://finance.detik.com/fintech/d-7733973/pakai-pindar-harus-sadar-afpi-harus-paham-dan-mampu-bayar-kembali,,
,https://www.detik.com/hikmah/khazanah/d-7731963/ramai-masjid-tetap-utuh-usai-kebakaran-los-angeles-ini-faktanya,,
